"qrp_attitude_1","qrp_attitude_2","qrp_attitude_3","qrp_attitude_4","qrp_attitude_5","qrp_attitude_6","qrp_attitude_7","qrp_attitude_8"
1,0.311618833782337,0.295508136898855,0.219688325238059,0.154458034633633,0.305729227553573,0.177913760396367,0.266032867259991
0.311618833782337,1,0.292311384370805,0.179012416492888,0.179679490986556,0.267683399068725,0.23533093133324,0.136734230160897
0.295508136898855,0.292311384370805,1,0.400728382207609,0.330610635048493,0.338641089063817,0.369989615996417,0.372023033167352
0.219688325238059,0.179012416492888,0.400728382207609,1,0.307404938427213,0.349970224019498,0.336243911321757,0.391812400383281
0.154458034633633,0.179679490986556,0.330610635048493,0.307404938427213,1,0.247480584868571,0.33304264040633,0.323634870080608
0.305729227553573,0.267683399068725,0.338641089063817,0.349970224019498,0.247480584868571,1,0.44965936485558,0.361569774275853
0.177913760396367,0.23533093133324,0.369989615996417,0.336243911321757,0.33304264040633,0.44965936485558,1,0.40691165017641
0.266032867259991,0.136734230160897,0.372023033167352,0.391812400383281,0.323634870080608,0.361569774275853,0.40691165017641,1
